x, y, z,true densities,mbe (breiman),num used patterns (mbe (breiman)),mbe (silverman),num used patterns (mbe (silverman)),parzen,num used patterns (parzen),sambe (breiman),num used patterns (sambe (breiman)),sambe (silverman),num used patterns (sambe (silverman)),squared[mbe (breiman) - mbe (silverman)],squared[mbe (breiman) - parzen],squared[mbe (breiman) - sambe (breiman)],squared[mbe (breiman) - sambe (silverman)],squared[mbe (silverman) - parzen],squared[mbe (silverman) - sambe (breiman)],squared[mbe (silverman) - sambe (silverman)],squared[parzen - sambe (breiman)],squared[parzen - sambe (silverman)],squared[sambe (breiman) - sambe (silverman)]
2.894454096145167199e+01, 2.589477871959566002e+01, 2.718852466462154283e+01, 2.287013749001421987e-04, 5.591537596499999996e-05, 3.300000000000000000e+01, 7.911558119499999481e-05, 3.100000000000000000e+01, 1.942477131300000037e-05, nan, 4.620310977700000174e-05, 3.000000000000000000e+01, 6.878949726500000492e-05, 3.000000000000000000e+01, 5.382495227141190828e-10, 1.331564227868564347e-09, 9.432811450656801379e-11, 1.657429992471138170e-10, 3.562992784369068625e-09, 1.083230774840666434e-09, 1.066280093294040305e-10, 7.170794108925419712e-10, 2.436876168316062999e-09, 5.101448997580831395e-10
3.001078952373143949e+01, 2.917598661789821080e+01, 2.281474022768946952e+01, 1.700485851840055098e-05, 4.393880938700000046e-05, 2.700000000000000000e+01, 5.474017448499999693e-05, 2.500000000000000000e+01, 1.853874970100000152e-05, nan, 2.187846144300000068e-05, 2.600000000000000000e+01, 2.875830819200000135e-05, 2.800000000000000000e+01, 1.166694879802924845e-10, 6.451630320523624105e-10, 4.866589514103450423e-10, 2.304476165313963965e-10, 1.310543156391609162e-09, 1.079892184054752377e-09, 6.750573760673293777e-10, 1.115367451965266898e-11, 1.044393757509701988e-10, 4.733229128972588122e-11
2.712446228622242117e+01, 2.466155499336175083e+01, 2.476919563083012932e+01, 1.185703323160112793e-03, 6.169630696299999487e-05, 3.300000000000000000e+01, 1.051630753889999973e-04, 3.600000000000000000e+01, 2.024882591800000021e-05, nan, 4.651061541900000168e-05, 3.100000000000000000e+01, 7.256782334999999345e-05, 3.100000000000000000e+01, 1.889359957399510837e-09, 1.717893684975633871e-09, 2.306052276695128889e-10, 1.181898685528094910e-10, 7.210429763223221809e-09, 3.440111060532451808e-09, 1.062450455485933917e-09, 6.896815877948338780e-10, 2.737277492289621944e-09, 6.789780851593688726e-10
2.591812616179377926e+01, 2.532209121683755271e+01, 2.825185441944622511e+01, 5.984586217511774072e-04, 5.805189005500000236e-05, 3.300000000000000000e+01, 9.390082542100000205e-05, 3.400000000000000000e+01, 1.972574733600000133e-05, nan, 5.528113697500000167e-05, 3.300000000000000000e+01, 9.014349494600000447e-05, 3.400000000000000000e+01, 1.285146166875645512e-09, 1.468893215717156732e-09, 7.677072630329489571e-12, 1.029871104480055300e-09, 5.501942208915847301e-09, 1.491480335666105847e-09, 1.411753229836370674e-11, 1.264185732381108627e-09, 4.958659178465661011e-09, 1.215384003298147389e-09
2.670173208687047861e+01, 2.527207360804137082e+01, 2.599250836113158414e+01, 1.274983322967591188e-03, 6.152461455700000486e-05, 3.300000000000000000e+01, 1.046871496440000002e-04, 3.600000000000000000e+01, 2.022497912699999968e-05, nan, 5.311744700499999747e-05, 3.200000000000000000e+01, 7.793620956600000457e-05, 3.000000000000000000e+01, 1.863004435136505776e-09, 1.705659886650911764e-09, 7.068046624740179125e-11, 2.693404507394337183e-10, 7.133858248442785216e-09, 2.659434230274883916e-09, 7.156127950567463630e-10, 1.081914443105261630e-09, 3.330586118783360687e-09, 6.159709750592956092e-10
2.574611847835538114e+01, 2.834086237134028963e+01, 2.454125217607383647e+01, 5.745894124150642546e-04, 5.985369568200000112e-05, 3.300000000000000000e+01, 1.002432345849999938e-04, 3.600000000000000000e+01, 1.998715452600000110e-05, nan, 3.128543299099999773e-05, 3.600000000000000000e+01, 5.428115637600000316e-05, 4.600000000000000000e+01, 1.631314852796949858e-09, 1.589341103743042061e-09, 8.161456331819827591e-10, 3.105319431691493652e-11, 6.441038386436617160e-09, 4.755178400677468387e-09, 2.112512633290231767e-09, 1.276510962726826796e-10, 1.176078562887803874e-09, 5.288032939994360959e-10
2.570004066245103758e+01, 2.309018386762840436e+01, 1.929134122593033140e+01, 4.843427923816963956e-05, 5.055262746000000037e-05, 3.100000000000000000e+01, 6.831326362599999863e-05, 2.700000000000000000e+01, 1.893023204300000161e-05, nan, 2.423264977599999832e-05, 3.500000000000000000e+01, 3.903410263299999838e-05, 4.000000000000000000e+01, 3.154401970210271144e-10, 9.999758919091022349e-10, 6.927412252862581616e-10, 1.326764141902154151e-10, 2.438683808327574716e-09, 1.943100517392812199e-09, 8.572692684540128074e-10, 2.811563381523282380e-11, 4.041656126994668070e-10, 2.190830066779934689e-10
2.646153561076258143e+01, 2.693293810286138168e+01, 2.334046856384867752e+01, 7.992748418071748484e-04, 6.124634685200000528e-05, 3.300000000000000000e+01, 1.039536008150000046e-04, 3.600000000000000000e+01, 2.018575556500000126e-05, nan, 5.630588050999999888e-05, 3.200000000000000000e+01, 9.309376715100000385e-05, 3.600000000000000000e+01, 1.823909541060179172e-09, 1.685972156838060570e-09, 2.440820767643492544e-11, 1.014258179701157149e-09, 7.017051897827949511e-09, 2.270305250263509888e-09, 1.179359872097476698e-10, 1.304663426042411123e-09, 5.315578153424311626e-09, 1.353348603511066600e-09
3.007532563148076576e+01, 2.174793948745482197e+01, 2.510231915523563373e+01, 5.030199767506825627e-05, 4.670511619399999952e-05, 2.800000000000000000e+01, 6.590562032399999842e-05, 3.100000000000000000e+01, 1.872176114299999939e-05, nan, 4.913887410399999983e-05, 3.200000000000000000e+01, 6.332730172500000460e-05, 2.900000000000000000e+01, 3.686593588461470377e-10, 7.830681599103272507e-10, 5.923177564487569626e-12, 2.762970518269859170e-10, 2.226316567212437776e-09, 2.811237788058842313e-10, 6.647726797949290579e-12, 9.252007608822341811e-10, 1.989654250612449241e-09, 2.013114783563558582e-10
2.458144418705211010e+01, 2.842739851780423166e+01, 2.828558609283251002e+01, 1.955662415313215452e-04, 5.367200345000000089e-05, 3.200000000000000000e+01, 8.224784038899999445e-05, 3.200000000000000000e+01, 1.924677936500000138e-05, nan, 4.553611256599999764e-05, 3.000000000000000000e+01, 5.995006354499999820e-05, 2.700000000000000000e+01, 8.165784567643165143e-10, 1.185096053302463748e-09, 6.619272047635435373e-11, 3.941403855643137724e-11, 3.969133690149771411e-09, 1.347750959750032181e-09, 4.971908521848224104e-10, 6.911290401532007097e-10, 1.656757343037838289e-09, 2.077619828250150622e-10
2.534647297679690325e+01, 2.584559710037305535e+01, 2.301485071884359357e+01, 1.174526162013683891e-03, 6.223015908899999515e-05, 3.300000000000000000e+01, 1.065749943150000052e-04, 3.600000000000000000e+01, 2.032312972899999833e-05, nan, 5.740027383400000309e-05, 3.300000000000000000e+01, 9.827956804499999330e-05, 3.800000000000000000e+01, 1.966464411221091310e-09, 1.756199109779901674e-09, 2.332779157646633677e-11, 1.299559886076932922e-09, 7.439384144561683369e-09, 2.418153134384481232e-09, 6.881409700100631617e-11, 1.374714614982936592e-09, 6.077206274916311240e-09, 1.671116695189497334e-09
2.057080444745979619e+01, 2.422204478390866456e+01, 2.534960692312851549e+01, 2.478318391466216076e-04, 5.294451504400000269e-05, 3.100000000000000000e+01, 8.020990255699999400e-05, 2.900000000000000000e+01, 1.928016877399999925e-05, nan, 3.955713363799999969e-05, 3.500000000000000000e+01, 6.085698287399999722e-05, 3.500000000000000000e+01, 7.434013562340558407e-10, 1.133288209786462922e-09, 1.792219809097146084e-10, 6.260714716078482629e-11, 3.712432458867250565e-09, 1.652647620781611876e-09, 3.745355002566487018e-10, 4.111553040958905331e-10, 1.728631470705958937e-09, 4.536835774763297013e-10
2.775101359419167579e+01, 2.768860307665786280e+01, 2.413391090676716999e+01, 4.002469395674005965e-04, 5.904000013299999923e-05, 3.300000000000000000e+01, 9.598472513500000045e-05, 3.500000000000000000e+01, 1.987275202400000016e-05, nan, 3.562603186099999765e-05, 3.800000000000000000e+01, 5.910896506100000297e-05, 4.000000000000000000e+01, 1.364912705473403890e-09, 1.534073324431963992e-09, 5.482139102422227379e-10, 4.756161294045700885e-15, 5.793032450849587030e-09, 3.643171853744813014e-09, 1.359821681035212196e-09, 2.481658256228306519e-10, 1.539480413484848961e-09, 5.514481516756624938e-10
2.432403049992838717e+01, 2.265536429210101943e+01, 2.182474336319878461e+01, 3.811336723904045019e-04, 5.814610605300000204e-05, 3.300000000000000000e+01, 9.085544887800000647e-05, 3.200000000000000000e+01, 1.972861017499999878e-05, nan, 4.388667889499999711e-05, 3.300000000000000000e+01, 6.813807042599999658e-05, 3.400000000000000000e+01, 1.069901108043379306e-09, 1.475903989536147543e-09, 2.033312628743080926e-10, 9.983935203130117538e-11, 5.059027183882579728e-09, 2.206065353715962677e-09, 5.160792837313944122e-10, 5.836122842802423954e-10, 2.343475841793148416e-09, 5.881299911898585433e-10
2.118466386578094784e+01, 2.936206639257230222e+01, 2.386038307672222558e+01, 5.816935679476449437e-05, 4.994915431900000111e-05, 3.100000000000000000e+01, 6.654383594799999336e-05, 2.600000000000000000e+01, 1.883681739500000032e-05, nan, 4.823591796500000163e-05, 3.100000000000000000e+01, 7.505663903500000005e-05, 3.100000000000000000e+01, 2.753834583678698132e-10, 9.679775088724937577e-10, 2.935178804667211645e-12, 6.303857887641735468e-10, 2.275959619216285691e-09, 3.351798608722544818e-10, 7.246781639803684436e-11, 8.643071143249743569e-10, 3.160668345233412145e-09, 7.193510787147418142e-10
2.402043608240164119e+01, 2.219866441303204141e+01, 2.673852128749065216e+01, 5.803039958409886680e-04, 5.643623203599999906e-05, 3.200000000000000000e+01, 8.906002381799999921e-05, 3.200000000000000000e+01, 1.964665489299999919e-05, nan, 4.904796670899999974e-05, 3.100000000000000000e+01, 6.352514683799999665e-05, 2.500000000000000000e+01, 1.064311790235290833e-09, 1.353472986360748132e-09, 5.458646454215041004e-11, 5.025271307001466404e-11, 4.818215785518155939e-09, 1.600964714093877442e-09, 6.520299423837340508e-10, 8.644371365016612249e-10, 1.925322055367429781e-09, 2.095887444875123572e-10
2.139121470411982529e+01, 2.452429827188921152e+01, 2.299767589759296627e+01, 3.373166000076388907e-04, 5.597503494100000237e-05, 3.200000000000000000e+01, 8.713914079600000161e-05, 3.000000000000000000e+01, 1.958282347100000006e-05, nan, 4.912814223100000273e-05, 3.200000000000000000e+01, 8.400190490199999549e-05, 3.700000000000000000e+01, 9.712014937416451418e-10, 1.324393055677199404e-09, 4.687993978225114173e-11, 7.855054398108038007e-10, 4.563856010516095981e-09, 1.444836011908431980e-09, 9.842249054602017165e-12, 8.729258606300081210e-10, 4.149818052413808821e-09, 1.216179322833232464e-09
2.586514028587777858e+01, 2.385780498913986847e+01, 2.236002617987823982e+01, 7.682428491272534632e-04, 6.077554258700000156e-05, 3.300000000000000000e+01, 1.027623819830000027e-04, 3.500000000000000000e+01, 2.011156986500000097e-05, nan, 4.217328324700000318e-05, 3.500000000000000000e+01, 6.983703099499999887e-05, 3.800000000000000000e+01, 1.762894682465497700e-09, 1.653558677535560058e-09, 3.460440525526171508e-10, 8.211057216831832543e-11, 6.831156743764934653e-09, 3.671038885640756920e-09, 1.084078737682992880e-09, 4.867191973495180033e-10, 2.472621484591140739e-09, 7.652829394649748592e-10
2.493698262167734825e+01, 2.595777917943565427e+01, 2.514873703092323254e+01, 1.722919999747828416e-03, 6.265244659600000432e-05, 3.300000000000000000e+01, 1.076650108589999989e-04, 3.600000000000000000e+01, 2.038436088200000021e-05, nan, 5.071616790300000256e-05, 3.500000000000000000e+01, 8.410359995400000445e-05, 3.600000000000000000e+01, 2.026130941530704302e-09, 1.786591069926051439e-09, 1.424747490369658178e-10, 4.601519803884346981e-10, 7.617911860407589757e-09, 3.243170714027150462e-09, 5.551400838342526817e-10, 9.200185171591849988e-10, 4.060141427914692113e-09, 1.114720618960142281e-09
2.567634772462951531e+01, 2.358161267889937562e+01, 2.418888609461522421e+01, 1.384991172480630819e-03, 6.195737265400000089e-05, 3.300000000000000000e+01, 1.058810279940000063e-04, 3.600000000000000000e+01, 2.028158645400000097e-05, nan, 2.886966748399999843e-05, 3.500000000000000000e+01, 4.998608105199999678e-05, 4.000000000000000000e+01, 1.929287498427110785e-09, 1.736871155388110141e-09, 1.094796233416845029e-09, 1.433118226201158234e-10, 7.327264391959878006e-09, 5.930749647601189365e-09, 3.124245093648996106e-09, 7.375513577784581784e-11, 8.823569993226109564e-10, 4.459029219748144179e-10
2.349633272659302463e+01, 2.419601468927038823e+01, 2.318174963769738284e+01, 1.017302012333712704e-03, 6.104144623400000120e-05, 3.300000000000000000e+01, 9.941773606499999414e-05, 3.200000000000000000e+01, 2.014628978699999919e-05, nan, 3.821628143400000055e-05, 3.300000000000000000e+01, 6.064299200600000198e-05, 3.300000000000000000e+01, 1.472739621192913543e-09, 1.672413820824605884e-09, 5.209881481471590686e-10, 1.587657718110753538e-13, 6.283962195005838900e-09, 3.745618048950349922e-09, 1.503480776840955285e-09, 3.265245981226497970e-10, 1.639982890614359664e-09, 5.029573470802566182e-10
2.113991475281113352e+01, 2.539673691506493824e+01, 2.410159051457481993e+01, 3.877287853513866774e-04, 5.732025152800000024e-05, 3.300000000000000000e+01, 8.721536554800000268e-05, 3.000000000000000000e+01, 1.960949549699999927e-05, nan, 4.238930258400000093e-05, 3.200000000000000000e+01, 6.865860959099999829e-05, 3.500000000000000000e+01, 8.937178422688006882e-10, 1.422101120429602978e-09, 2.229332363683346926e-10, 1.285583635647970724e-10, 4.570553665352700497e-09, 2.009375920852492717e-09, 3.443531916476551668e-10, 5.189196109209354580e-10, 2.405815593406229541e-09, 6.900764906280191341e-10
2.135476567937613623e+01, 2.603481258213630767e+01, 2.297121918136469532e+01, 2.987448931121969211e-04, 5.589521410100000337e-05, 3.200000000000000000e+01, 8.653117909799999598e-05, 3.000000000000000000e+01, 1.957005797400000112e-05, nan, 3.855525231700000224e-05, 3.300000000000000000e+01, 5.974326999899999866e-05, 3.500000000000000000e+01, 9.385623512974088418e-10, 1.319516967650925714e-09, 3.006742746705805166e-10, 1.480753419413254944e-11, 4.483791742182998891e-09, 2.301689550495872445e-09, 7.175920738962868497e-10, 3.604376042414792349e-10, 1.613886964405604474e-09, 4.489320932927444992e-10
2.511615343611829942e+01, 2.663029605878250905e+01, 2.528841455638935898e+01, 1.437561738661221993e-03, 6.216435505500000501e-05, 3.300000000000000000e+01, 1.063634040630000030e-04, 3.600000000000000000e+01, 2.031570049599999941e-05, nan, 5.527409364000000308e-05, 3.500000000000000000e+01, 8.086530713100000033e-05, 3.200000000000000000e+01, 1.953555933211585689e-09, 1.751309888398511694e-09, 4.747570236703782953e-11, 3.497256085488485422e-10, 7.404207289154304334e-09, 2.610117639497656431e-09, 6.501529471536679792e-10, 1.222089251210466779e-09, 3.666254863653235699e-09, 6.549102079419402775e-10
2.754777738424861511e+01, 2.223884552531728787e+01, 2.589966325985182749e+01, 4.259214599466989493e-04, 5.630854205499999691e-05, 3.200000000000000000e+01, 9.283041798599999620e-05, 3.700000000000000000e+01, 1.964235107099999856e-05, nan, 5.194515926400000331e-05, 3.300000000000000000e+01, 7.827340407799999729e-05, 3.400000000000000000e+01, 1.333847421519357062e-09, 1.344409561275162418e-09, 1.903910938079489465e-11, 4.824551636894276272e-10, 5.356493138754516949e-09, 1.671604380764876508e-09, 2.119066539177053929e-10, 1.043471417153748475e-09, 3.437600376709643272e-09, 6.931764749859175522e-10
2.346871808497964551e+01, 2.305283837981628636e+01, 2.370565280083380344e+01, 8.670967519653027767e-04, 6.009086037800000099e-05, 3.300000000000000000e+01, 9.749054476900000121e-05, 3.200000000000000000e+01, 2.000810137800000131e-05, nan, 4.866574563800000206e-05, 3.100000000000000000e+01, 7.739103743599999715e-05, 3.200000000000000000e+01, 1.398736392546409049e-09, 1.606627569052081204e-09, 1.305332468221652488e-10, 2.992961262381494240e-10, 6.003529033839518738e-09, 2.383861010182498199e-09, 4.039901950293209242e-10, 8.212605745327109817e-10, 3.292801350636515542e-09, 8.251423888802458147e-10
2.430334735960100900e+01, 2.512558952320524952e+01, 2.239464575203535901e+01, 9.136009561648518115e-04, 6.130346888600000607e-05, 3.300000000000000000e+01, 1.041374318660000020e-04, 3.500000000000000000e+01, 2.018651960999999869e-05, nan, 2.564803393599999850e-05, 3.800000000000000000e+01, 4.304942737500000059e-05, 4.100000000000000000e+01, 1.834748384572010174e-09, 1.690603517765157438e-09, 1.271310041473681818e-09, 3.332100314853113670e-10, 7.047755668614610629e-09, 6.160585587413888597e-09, 3.731744292692436148e-09, 2.982813873310323520e-11, 5.227125514708973561e-10, 3.028084936188723280e-10
2.701430926076189110e+01, 2.604125286980570664e+01, 2.156485468747926859e+01, 3.481719181832127678e-04, 5.908233005300000062e-05, 3.300000000000000000e+01, 9.826224157599999667e-05, 3.500000000000000000e+01, 1.987345702699999962e-05, nan, 3.340923147199999921e-05, 2.600000000000000000e+01, 4.976429148400000229e-05, 2.500000000000000000e+01, 1.535065466950107779e-09, 1.537335723968990162e-09, 6.591079907497442567e-10, 8.682584277337153413e-11, 6.144801543069540232e-09, 4.205912919549524662e-09, 2.352051163126122079e-09, 1.832171898259150401e-10, 8.934619845357786778e-10, 2.674879879961215314e-10
2.832783307299015263e+01, 2.923933707541045024e+01, 2.763583125160102938e+01, 5.208827828881213334e-05, 4.915534584200000274e-05, 3.100000000000000000e+01, 5.715153087900000318e-05, 2.400000000000000000e+01, 1.877745096599999958e-05, nan, 3.027598454500000133e-05, 2.400000000000000000e+01, 4.186853961900000308e-05, 2.800000000000000000e+01, 6.393897514594270401e-11, 9.228164970973072650e-10, 3.564302829826615890e-10, 5.309754493155152245e-11, 1.472570009169310132e-09, 7.222949907509809342e-10, 2.335698218532364087e-10, 1.322162744673905900e-10, 5.331983751807055439e-10, 1.343873331437231928e-10
2.459767583628309495e+01, 2.260572435121632395e+01, 2.735782574041006754e+01, 6.025091863577063805e-04, 5.764268892799999665e-05, 3.300000000000000000e+01, 8.905025293100000657e-05, 3.200000000000000000e+01, 1.965966424499999979e-05, nan, 5.133068380300000031e-05, 3.300000000000000000e+01, 7.649193075600000638e-05, 3.400000000000000000e+01, 9.864350766025419157e-10, 1.442710164069386744e-09, 3.984140869802622147e-11, 3.552939174904251240e-10, 4.815053798189632724e-09, 1.422765895201971091e-09, 1.577114558510967407e-10, 1.003053479843218418e-09, 3.229906516777333153e-09, 6.330883482298521255e-10
6.319693787921428196e+01, 7.046694055226925002e+01, 6.593143401798427305e+01, 1.014558912334684510e-04, 2.937045191500000128e-05, 2.200000000000000000e+01, 3.705944044000000147e-05, 2.000000000000000000e+01, 1.695535588299999964e-05, nan, 1.995748039900000135e-05, 1.800000000000000000e+01, 2.844455242899999965e-05, 2.200000000000000000e+01, 5.912054453758168391e-11, 1.541346094837821970e-10, 8.860403276102733177e-11, 8.572898581750671808e-13, 4.041742158750059422e-10, 2.924770372439607107e-10, 7.421629544207157291e-11, 9.012751609568243772e-12, 1.320016372726183263e-10, 7.203039164240829845e-11
6.936766255011495730e+01, 6.659371897795730888e+01, 6.815989127030917416e+01, 1.077216110442780228e-04, 3.223206557699999922e-05, 2.600000000000000000e+01, 4.097275594799999830e-05, 2.300000000000000000e+01, 1.761897953199999923e-05, nan, 2.564037994299999995e-05, 3.000000000000000000e+01, 3.211075079399999842e-05, 2.900000000000000000e+01, 7.639966816169210090e-11, 2.135422837585737352e-10, 4.345031949748197447e-11, 1.471727657433728251e-14, 5.453988728885177287e-10, 2.350817539586996947e-10, 7.853513534952256721e-11, 6.434286455359098021e-11, 2.100114343101290572e-10, 4.186569894947044307e-11
6.504695752019382837e+01, 7.298665564676913675e+01, 6.556756813290409980e+01, 4.797506457892921380e-05, 2.356318487600000144e-05, 1.800000000000000000e+01, 2.944080240600000157e-05, 1.800000000000000000e+01, 1.431761874800000060e-05, nan, 6.425502533000000333e-06, 3.600000000000000000e+01, 8.431546096000000005e-06, 3.300000000000000000e+01, 3.454638782896330437e-11, 8.548049302722092940e-11, 2.937001560895740870e-10, 2.289664921683999394e-10, 2.287106839535982810e-10, 5.297040282441139387e-10, 4.413888506992748204e-10, 6.228549835106593184e-11, 3.464585126462232267e-11, 4.024210776653733891e-12
6.679775108578844822e+01, 7.342170594098779191e+01, 5.897263824398838494e+01, 1.527764919822341088e-05, 1.535050838300000111e-05, 1.300000000000000000e+01, 1.996659992599999949e-05, 1.500000000000000000e+01, 1.278072508100000012e-05, nan, 2.183465712699999867e-05, 2.300000000000000000e+01, 2.018884275000000085e-05, 2.000000000000000000e+01, 2.130830113335610689e-11, 6.603786219238028598e-12, 4.204418493431674436e-11, 2.340947944689328876e-11, 5.163679728800376623e-11, 3.489637706207951266e-12, 4.939187281949558216e-14, 8.197368549358571890e-11, 5.488020739775000308e-11, 2.708704963539890831e-12
5.931821835798436382e+01, 6.933527387321167623e+01, 5.975363264033742894e+01, 3.349663665460108741e-05, 1.507574315500000030e-05, 1.200000000000000000e+01, 1.977039256199999870e-05, 1.400000000000000000e+01, 1.208049437999999931e-05, nan, 1.345359624400000060e-05, 2.500000000000000000e+01, 1.802453108699999892e-05, 3.200000000000000000e+01, 2.203973305464543499e-11, 8.971515224139007365e-12, 2.631360600866841006e-12, 8.695350267908829266e-12, 5.913453404952689669e-11, 3.990191572309833039e-11, 3.048032289889174679e-12, 1.885408728920278132e-12, 3.533157237416340014e-11, 2.089344533895141817e-11
7.369213818724111320e+01, 6.315023968447405167e+01, 6.165728046301835263e+01, 2.518110120681464210e-05, 2.031148998100000024e-05, 1.600000000000000000e+01, 1.853825128799999866e-05, 1.300000000000000000e+01, 1.372966329799999966e-05, nan, 1.514554502600000058e-05, 2.100000000000000000e+01, 1.894263630000000051e-05, 2.500000000000000000e+01, 3.144375462352353696e-12, 4.332044248505079026e-11, 2.668698727808994975e-11, 1.873760399987249093e-12, 2.312251845757222925e-11, 1.151045578021400030e-11, 1.635272379302416394e-13, 2.004721067684268633e-12, 2.717508751958090117e-11, 1.441790214308694245e-11
7.359965817600267712e+01, 7.162106343068259662e+01, 7.335197757500529292e+01, 2.509970238565790412e-06, 4.548678354000000214e-06, 6.000000000000000000e+00, 3.179458276000000063e-06, 5.000000000000000000e+00, 7.978852396999999968e-06, nan, 7.503551419999999996e-06, 1.200000000000000000e+01, 6.722513617999999647e-06, 1.300000000000000000e+01, 1.874763621998326401e-12, 1.176609396527096485e-11, 8.731274836172239185e-12, 4.725559755009947181e-12, 2.303418392868936543e-11, 1.869778151798780132e-11, 1.255324115647473342e-11, 2.259110187371544930e-13, 1.578387127619211731e-12, 6.100200481529917104e-13
6.905195489310865753e+01, 6.114848164849772161e+01, 7.354207015313878060e+01, 1.781227626057536447e-05, 1.379256683499999996e-05, 1.200000000000000000e+01, 1.452976954600000048e-05, 1.300000000000000000e+01, 1.021269924999999925e-05, nan, 9.436795591000000639e-06, 1.500000000000000000e+01, 1.212804846200000043e-05, 1.600000000000000000e+01, 5.434678371057502602e-13, 1.281545192613373805e-11, 1.897274313005730106e-11, 2.770621414054565368e-12, 1.863709594060553723e-11, 2.593838370630834158e-11, 5.768264165330135337e-12, 6.020264880495860917e-13, 3.668562603909025513e-12, 7.242842015665741590e-12
6.380145248870724117e+01, 6.858869409996043487e+01, 6.923623958352507657e+01, 1.059651982783482954e-04, 2.888884944899999956e-05, 2.200000000000000000e+01, 3.936708124699999728e-05, 2.200000000000000000e+01, 1.571928962200000026e-05, nan, 1.536975804399999879e-05, 1.700000000000000000e+01, 1.796137554600000139e-05, 1.900000000000000000e+01, 1.097933416126182586e-10, 1.734373060369322507e-10, 1.827658324167448925e-10, 1.194096859007460207e-10, 5.592180487394200258e-10, 5.758715209092421471e-10, 4.582042365578237421e-10, 1.221723240191711215e-13, 5.026949290598938960e-12, 6.716481276672733684e-12
6.430677378930064947e+01, 6.774624643134821156e+01, 6.912423361385314990e+01, 1.268900911314943590e-04, 3.054359957300000183e-05, 2.300000000000000000e+01, 4.222162497899999747e-05, 2.300000000000000000e+01, 1.719376132700000130e-05, nan, 1.665158061100000003e-05, 1.800000000000000000e+01, 2.225141473599999935e-05, 2.200000000000000000e+01, 1.363762773831813517e-10, 1.782181811943643697e-10, 1.929881908405675996e-10, 6.876032937097275218e-11, 6.263939589831026249e-10, 6.538271689814883892e-10, 3.988092971496220239e-10, 2.939599288022740189e-13, 2.557985800556930293e-11, 3.135814222751451111e-11
6.668342615226090686e+01, 6.008333019547345799e+01, 6.633376166202033630e+01, 1.155508873940772502e-04, 2.864269888199999934e-05, 2.100000000000000000e+01, 3.458727145699999844e-05, 2.300000000000000000e+01, 1.605380810299999978e-05, nan, 2.678261668900000159e-05, 1.800000000000000000e+01, 3.395709471200000253e-05, 1.900000000000000000e+01, 3.533794309944212095e-11, 1.584801710455912035e-10, 3.459905764715680742e-12, 2.824280303792142319e-11, 3.434892638940608685e-10, 6.091263604766508984e-11, 3.971227299387898756e-13, 1.151073336750273520e-10, 3.205276714039988208e-10, 5.147313490251000324e-11
7.093177805877841990e+01, 6.189379810130825632e+01, 6.433081399209078199e+01, 7.661456918906381028e-05, 2.662632826700000050e-05, 1.900000000000000000e+01, 3.258101735599999759e-05, 1.900000000000000000e+01, 1.612708838100000109e-05, nan, 1.442956597300000001e-05, 2.000000000000000000e+01, 1.973297801399999987e-05, 2.400000000000000000e+01, 3.545832214665561381e-11, 1.102340381837732771e-10, 1.487610104563401507e-10, 4.751827771053517144e-11, 2.707317787143444244e-10, 3.294751873094125203e-10, 1.650721149335797406e-10, 2.881582325662122189e-12, 1.300244004537686666e-11, 2.812617927662378422e-11
6.305393415539989377e+01, 7.327015881040904333e+01, 6.800659355519302096e+01, 3.139351490921948569e-05, 2.075128637900000052e-05, 1.700000000000000000e+01, 2.092562434800000068e-05, 1.500000000000000000e+01, 1.247909609800000054e-05, nan, 1.737725915099999936e-05, 1.700000000000000000e+01, 2.336203089200000163e-05, 2.000000000000000000e+01, 3.039372743504501459e-14, 6.842913204507085459e-11, 1.138405973528537104e-11, 6.815986912159612911e-12, 7.134383947804806682e-11, 1.259089557128085810e-11, 5.936076847646028644e-12, 2.399200129377426823e-11, 1.184382697304558335e-10, 3.581749279187219993e-11
6.682222472814402181e+01, 6.155683064114096936e+01, 6.741159569708058541e+01, 1.403401986461380601e-04, 3.075120644800000266e-05, 2.300000000000000000e+01, 3.978269382000000116e-05, 2.400000000000000000e+01, 1.686731176699999944e-05, nan, 2.831474317200000047e-05, 3.400000000000000000e+01, 3.674778861700000299e-05, 3.200000000000000000e+01, 8.156776415059544014e-11, 1.927625315131001686e-10, 5.936353295296662478e-12, 3.595899770956874540e-11, 5.251147346349546068e-10, 1.315138920649636289e-10, 9.210649591196460435e-12, 1.310436857721803091e-10, 3.952333597833860733e-10, 7.111625547743528430e-11
6.198429266264361814e+01, 6.514235058412643298e+01, 6.215640989103632563e+01, 1.542583040913309727e-04, 3.231438456899999955e-05, 2.500000000000000000e+01, 3.838571133000000187e-05, 2.300000000000000000e+01, 1.654296418199999972e-05, nan, 2.763245234099999994e-05, 2.300000000000000000e+01, 3.273594214399999983e-05, 2.200000000000000000e+01, 3.686100863883478222e-11, 2.487377010234792079e-10, 2.192048938758504176e-11, 1.777107890398808544e-13, 4.771056029714622647e-10, 1.156325788845093416e-10, 3.191989185507512653e-11, 1.229767476286012120e-10, 2.622125352778176961e-10, 2.604560816932497744e-11
6.802510165948908138e+01, 6.757859252230625202e+01, 6.406845964579798647e+01, 1.563215682812592452e-04, 3.939435328099999699e-05, 3.100000000000000000e+01, 5.638635448199999923e-05, 3.200000000000000000e+01, 1.833587040500000103e-05, nan, 1.143318669199999966e-05, 4.400000000000000000e+01, 1.717032782000000029e-05, 5.200000000000000000e+01, 2.887281048147855036e-10, 4.434597010387850397e-10, 7.818268370178098507e-10, 4.939073076911760738e-10, 1.447839338494030420e-09, 2.020787294355893538e-09, 1.537896747154694768e-09, 4.764704244171548436e-11, 1.358489517448483939e-12, 3.291478832258912070e-11
6.677099585811532734e+01, 6.011168032578022036e+01, 5.833089330149514495e+01, 3.993048809710572779e-05, 1.903176227499999925e-05, 1.500000000000000000e+01, 2.027002554799999898e-05, 1.500000000000000000e+01, 1.326881521100000014e-05, nan, 1.197631738199999974e-05, 1.600000000000000000e+01, 1.223650446000000016e-05, 1.600000000000000000e+01, 1.533295933260671913e-12, 3.321155886246620722e-11, 4.977930263815977353e-11, 4.617552877231856212e-11, 4.901694618291563508e-11, 6.878559514277506937e-11, 6.453746107134068843e-11, 1.670550637969714339e-12, 1.065665486630183904e-12, 6.769731555817830101e-14
6.696501942555356379e+01, 6.574538653140093913e+01, 6.783994692148023375e+01, 1.735302572770840233e-04, 3.581271145899999866e-05, 2.700000000000000000e+01, 4.645042945100000021e-05, 2.500000000000000000e+01, 1.806417172399999842e-05, nan, 2.281797473699999921e-05, 3.100000000000000000e+01, 3.267637140700000039e-05, 3.200000000000000000e+01, 1.131610440773205479e-10, 3.150106627248738939e-10, 1.688631824740952987e-10, 9.836628921779351329e-12, 8.057796277436672749e-10, 5.584929158092608411e-10, 1.897246749994811082e-10, 2.259864308640788459e-11, 2.135163795758653452e-10, 9.718798490306710740e-11
7.565774743363840571e+01, 6.922384067252939133e+01, 6.091773490506844269e+01, 6.169952924179006142e-06, 9.250895975999999610e-06, 9.000000000000000000e+00, 5.543463080999999751e-06, 7.000000000000000000e+00, 1.080257615299999992e-05, nan, 1.275829131099999981e-05, 1.500000000000000000e+01, 1.255488529700000020e-05, 1.700000000000000000e+01, 1.374505867092807988e-11, 2.407711371694752307e-12, 1.230182203597976416e-11, 1.091634543328204472e-11, 2.765827030408127806e-11, 5.205374638840493271e-11, 4.916004149101835929e-11, 3.824821779230964279e-12, 3.070587336146013807e-12, 4.137400653136803726e-14
6.999544870431363108e+01, 5.911508315600103458e+01, 6.293573089253386854e+01, 4.828939622045079510e-05, 2.276932550600000067e-05, 1.700000000000000000e+01, 2.133419452199999836e-05, 1.600000000000000000e+01, 1.367560264300000036e-05, nan, 2.732343070400000126e-05, 2.200000000000000000e+01, 3.637758323200000234e-05, 2.400000000000000000e+01, 2.059600941236815039e-12, 8.269579550904891860e-11, 2.073987415445062361e-11, 1.851846783372387437e-10, 5.865402956908471794e-11, 3.587095004377797204e-11, 2.263035438801555787e-10, 1.862632107826190390e-10, 5.153799226633328595e-10, 8.197767800028881667e-11
6.469481426320082562e+01, 7.266230158872497213e+01, 6.166935518265785987e+01, 4.155872164004235041e-05, 2.192784791100000019e-05, 1.600000000000000000e+01, 2.575671897099999970e-05, 1.600000000000000000e+01, 1.455087412399999962e-05, nan, 3.011459111299999905e-05, 2.700000000000000000e+01, 3.601696751799999765e-05, 2.600000000000000000e+01, 1.466025359410551935e-11, 5.441974225408513101e-11, 6.702276425549319931e-11, 1.985032913003517678e-10, 1.255709587350364498e-10, 1.899104960601966364e-11, 1.052727002462155664e-10, 2.422292865136871364e-10, 4.607931655999304242e-10, 3.483804722630070818e-11
6.130405449666571371e+01, 6.455970692565655611e+01, 6.203283490019850888e+01, 1.346279156075911394e-04, 2.892689828600000074e-05, 2.300000000000000000e+01, 3.510930203700000332e-05, 2.200000000000000000e+01, 1.581802547400000156e-05, nan, 2.508337427500000023e-05, 2.900000000000000000e+01, 3.040616463699999988e-05, 2.900000000000000000e+01, 3.822211614037890085e-11, 1.718425464011927632e-10, 1.477267682313353258e-11, 2.188228937200852686e-12, 3.721533514301531807e-10, 1.005192274888423956e-10, 2.211950140327879209e-11, 8.584668840419210681e-11, 2.128138042390543037e-10, 2.833209723780008888e-11
7.003846901544662273e+01, 6.017039947251100784e+01, 5.986836418231739287e+01, 3.658052196663146911e-05, 2.005751984599999833e-05, 1.500000000000000000e+01, 2.000990411600000058e-05, 1.400000000000000000e+01, 1.417624349699999961e-05, nan, 2.693526244700000010e-05, 2.100000000000000000e+01, 3.373515472599999878e-05, 2.300000000000000000e+01, 2.267257743432685333e-15, 3.458941149330675154e-11, 4.730334328561027089e-11, 1.870776959105926355e-10, 3.403159621767147457e-11, 4.796058801275109756e-11, 1.883825043073053243e-10, 1.627925645664591201e-10, 3.825510084639022747e-10, 4.623853500600379415e-11
6.304200923607888996e+01, 6.277273117050238938e+01, 7.362912967419912036e+01, 2.985356741321923434e-05, 1.328659711699999958e-05, 1.100000000000000000e+01, 1.514807410299999962e-05, 1.300000000000000000e+01, 1.116687623000000014e-05, nan, 1.551851552500000089e-05, 1.300000000000000000e+01, 2.045217927800000089e-05, 1.500000000000000000e+01, 3.465096569407644217e-12, 4.493216638784064404e-12, 4.981459779969260400e-12, 5.134556770604144889e-11, 1.584993650397971881e-11, 1.372268471333830306e-13, 2.813353170746179330e-11, 1.893676455378810227e-11, 8.621685269319810317e-11, 2.434103802766604585e-11
6.924593892707740395e+01, 6.539154105450356269e+01, 5.951968575570604258e+01, 7.122164828623081068e-05, 2.998606681399999834e-05, 2.400000000000000000e+01, 2.874816113900000090e-05, 1.800000000000000000e+01, 1.596657695500000010e-05, nan, 2.086842489399999984e-05, 1.900000000000000000e+01, 2.296625071600000019e-05, 1.800000000000000000e+01, 1.532410460197199245e-12, 1.965460959066037908e-10, 8.313139418134125951e-11, 4.927781804973991857e-11, 1.633688942526789604e-10, 6.209024329076672291e-11, 3.343048813959604558e-11, 2.402811321707854579e-11, 4.899543276043188545e-11, 4.400873179449977062e-12
6.877610602583581567e+01, 6.052690098219673587e+01, 5.809157363585670453e+01, 3.080007343400969013e-05, 1.948487067200000076e-05, 1.600000000000000000e+01, 1.716388632200000026e-05, 1.300000000000000000e+01, 1.319408017699999916e-05, nan, 1.227114512599999971e-05, 1.300000000000000000e+01, 1.491136836799999968e-05, 1.400000000000000000e+01, 5.386968352944925219e-12, 3.957404505198236354e-11, 5.203783625301301042e-11, 2.091692332469331713e-11, 1.575936082887976877e-11, 2.393891641103551499e-11, 5.073837133092348396e-12, 8.518091083643715619e-13, 2.949078730948054101e-12, 6.970778767596990406e-12
7.031303074998940872e+01, 6.641741045046059355e+01, 6.911820585530881544e+01, 7.304923345380579121e-05, 2.778098488800000073e-05, 2.300000000000000000e+01, 3.087876021399999806e-05, 1.800000000000000000e+01, 1.662223629199999895e-05, nan, 2.762704745700000130e-05, 2.200000000000000000e+01, 3.646265819099999783e-05, 2.300000000000000000e+01, 9.596211970374389345e-12, 1.245176702287320210e-10, 2.369673266287958597e-14, 7.537145134002287691e-11, 2.032484743385582333e-10, 1.057363585403651921e-11, 3.117991661754468774e-11, 1.211058687773087060e-10, 3.936423411303187104e-10, 7.806801704277595939e-11
6.642539339657911057e+01, 6.883186298683430948e+01, 6.208852503657747945e+01, 1.263852791858926020e-04, 3.669498759800000030e-05, 2.700000000000000000e+01, 4.726238152399999694e-05, 2.700000000000000000e+01, 1.785681965099999925e-05, nan, 3.248012428000000178e-05, 2.700000000000000000e+01, 4.311644491400000201e-05, 2.700000000000000000e+01, 1.116698143872616222e-10, 3.548765715993782106e-10, 1.776507278942195571e-11, 4.123511406120994509e-11, 8.646870690668310976e-10, 2.185151292277903262e-10, 1.718879037413825039e-11, 2.138410382725329023e-10, 6.380486684271879824e-10, 1.131313166292541652e-10
6.037472540105475360e+01, 6.804818335193787959e+01, 6.140704275425402869e+01, 7.990324629579777292e-05, 2.346009648100000033e-05, 1.800000000000000000e+01, 2.771276962399999910e-05, 1.700000000000000000e+01, 1.476567388599999943e-05, nan, 2.060619842100000026e-05, 3.000000000000000000e+01, 2.988142729799999961e-05, 3.600000000000000000e+01, 1.808522886119348824e-11, 7.559298426044655089e-11, 8.144734136871764540e-12, 4.123348946135388020e-11, 1.676272880489377680e-10, 5.050335426330885391e-11, 4.703076106999092585e-12, 3.411172684393697845e-11, 2.284860012123896496e-10, 8.602987072073467029e-11
6.191623964616135822e+01, 6.296279671234911746e+01, 6.507816917553911651e+01, 1.684800850071438340e-04, 3.234034286700000164e-05, 2.500000000000000000e+01, 3.423413421199999806e-05, 2.100000000000000000e+01, 1.642196822000000167e-05, nan, 8.343608790000000799e-06, 4.600000000000000000e+01, 1.237036060099999988e-05, 5.000000000000000000e+01, 3.586445658396895629e-12, 2.533946514022523677e-10, 5.758432463622530720e-10, 3.988001917043545496e-10, 3.172732573265612315e-10, 6.703193066272281739e-10, 4.780245965130599231e-10, 6.525989108026994056e-11, 1.641552429833886418e-11, 1.621473014739177351e-11
2.074700754411093939e+01, 4.246854687515062210e+01, 3.741699803342255848e+01, 3.333333333333334065e-07, 2.603716140000000263e-07, 4.000000000000000000e+00, 1.733192810000000053e-07, 8.000000000000000000e+00, 7.055084520000000185e-07, nan, 4.157709030000000166e-07, 2.000000000000000000e+01, 1.900216730000000107e-07, 2.200000000000000000e+01, 7.578108680742893027e-15, 1.981468045446382413e-13, 2.414893902170551893e-14, 4.949114198703483143e-15, 2.832253137296672065e-13, 5.878278901043088628e-14, 2.789698985216642047e-16, 8.394784730052740483e-14, 2.657266193237948412e-13, 5.096271484559290556e-14
4.635754243648106865e+01, 2.776287062947319129e+01, 5.867843464581687840e+01, 3.333333333333334065e-07, 1.826816939999999960e-07, 3.000000000000000000e+00, 1.251647930000000129e-07, 6.000000000000000000e+00, 7.055084520000000185e-07, nan, 9.758202170000000053e-07, 5.800000000000000000e+01, 1.461885740000000081e-06, 6.000000000000000000e+01, 3.308193900643799156e-15, 2.733478188807905072e-13, 6.290687166666214612e-13, 1.636362991302770222e-12, 3.367987625415083525e-13, 7.236146503806198502e-13, 1.786822890148577093e-12, 7.306845029741521467e-14, 5.721066018022350360e-13, 2.362596926492635997e-13
8.638556059232314510e+01, 1.175318559620330916e+01, 5.173791071541141662e+01, 3.333333333333334065e-07, 1.271006840000000128e-07, 2.000000000000000000e+00, 1.059955519999999945e-07, 5.000000000000000000e+00, 7.055084520000000185e-07, nan, 7.225985299999999602e-08, 1.000000000000000000e+00, 6.899378100000000192e-08, 4.000000000000000000e+00, 4.454265967374247718e-16, 3.345555460827419132e-13, 3.007516744770562767e-15, 3.376412176251410262e-15, 3.594157172664100202e-13, 1.138097387018600957e-15, 1.369131057136440466e-15, 4.010037881354628487e-13, 4.051509263982382831e-13, 1.066722630918396089e-17
1.320681063451533177e+01, 7.168596811925937118e+01, 3.960597028072937320e+01, 3.333333333333334065e-07, 2.863820559999999944e-07, 5.000000000000000000e+00, 1.929389500000000086e-07, 9.000000000000000000e+00, 7.055084520000000185e-07, nan, 2.685086830000000006e-07, 5.000000000000000000e+00, 1.499479540000000056e-07, 8.000000000000000000e+00, 8.731614058927233537e-15, 1.756669358239488329e-13, 3.194574623971287727e-16, 1.861426418854640042e-14, 2.627274943805279635e-13, 5.710784545691287537e-15, 1.848225737072016174e-15, 1.909687981060533695e-13, 3.086474669380080137e-13, 1.405664646101143958e-14
5.654213118585089859e+01, 1.832798362140785997e+01, 1.448477593433772270e+01, 3.333333333333334065e-07, 3.403508180000000030e-07, 3.000000000000000000e+00, 1.756443619999999973e-07, 4.000000000000000000e+00, 1.302979129000000055e-06, nan, 1.919662151999999944e-06, 3.000000000000000000e+01, 2.281174760000000099e-07, 2.200000000000000000e+01, 2.712821664807993887e-14, 9.266532651387127777e-13, 2.494224289700859321e-12, 1.259632305648896212e-14, 1.270883676886944212e-12, 3.041598051836483909e-12, 2.753427692856997303e-15, 3.802979508564183808e-13, 1.155327573089892442e-12, 2.861323390903944455e-12
4.880562806489545835e+01, 3.556127378499556357e+01, 9.404319452528130796e+01, 3.333333333333334065e-07, 8.087259300000000489e-08, 1.000000000000000000e+00, 6.148039700000000276e-08, 3.000000000000000000e+00, 7.055084520000000185e-07, nan, 1.476579180000000047e-07, 4.000000000000000000e+00, 7.542205300000000563e-08, 6.000000000000000000e+00, 3.760572657024160879e-16, 3.901699563486678619e-13, 4.460279635355624845e-15, 2.970838629159998891e-17, 4.147721356270830367e-13, 7.426565125705440826e-15, 1.943697720223360765e-16, 3.111972182840851550e-13, 3.970088702047872365e-13, 5.218020192298225059e-15
7.653252538069652644e+01, 7.486636198505472350e+01, 9.037197397459334525e+01, 3.333334098659874394e-07, 1.347784730000000127e-07, 2.000000000000000000e+00, 7.008129900000000334e-08, 3.000000000000000000e+00, 7.055084520000000185e-07, nan, 3.902553799999999982e-08, 5.000000000000000000e+00, 1.379819999999999977e-08, 5.000000000000000000e+00, 4.185724323586277357e-15, 3.257327089293404561e-13, 9.168624561114226825e-15, 1.463622645515452822e-14, 4.037676667696854094e-13, 9.644602912891212334e-16, 3.167787233043801514e-15, 4.441994746539314569e-13, 4.784630727219035176e-13, 6.364185825662439578e-16
8.342243544201854988e+00, 5.521924699224065591e+01, 5.844760689557688949e+01, 3.333333333333334065e-07, 2.441573080000000126e-07, 4.000000000000000000e+00, 1.136330020000000031e-07, 5.000000000000000000e+00, 7.055084520000000185e-07, nan, 1.549054680000000000e-07, 4.000000000000000000e+00, 1.153037760000000061e-07, 9.000000000000000000e+00, 1.703659445678163702e-14, 2.128448780701087294e-13, 7.965890943385602845e-15, 1.660323270887502135e-14, 3.503165483127025001e-13, 1.703416449721155840e-15, 2.791485759076009728e-18, 3.031636459897042722e-13, 3.483415595722649556e-13, 1.568294009262863479e-15
9.619363785472290829e+01, 2.921475267925488595e+01, 2.408287799154468090e+01, 3.333333333333334065e-07, 8.087259300000000489e-08, 1.000000000000000000e+00, 4.654591799999999904e-08, 2.000000000000000000e+00, 7.055084520000000185e-07, nan, 2.456507980000000155e-07, 4.000000000000000000e+00, 1.530214269999999914e-07, 6.000000000000000000e+00, 1.178320616555625494e-15, 3.901699563486678619e-13, 2.715185684302203144e-14, 5.205454247559554102e-15, 4.342316212157011411e-13, 3.964275323981440797e-14, 1.133703401680908092e-14, 2.114690619423837062e-13, 3.052419127933507016e-13, 8.580200371855645400e-15
1.002939422654978152e+01, 1.642962959147420410e+00, 9.295293167921904853e+01, 3.333333333333334065e-07, 1.777050420000000088e-07, 2.000000000000000000e+00, 1.266915819999999996e-07, 3.000000000000000000e+00, 7.055084520000000185e-07, nan, 2.760976240000000010e-07, 3.000000000000000000e+00, 1.356917920000000082e-07, 3.000000000000000000e+00, 2.602373101171600790e-15, 2.785764396076281539e-13, 9.681100192626722456e-15, 1.765113175562500050e-15, 3.350289689965970078e-13, 2.232216538610576570e-14, 8.100378004410015426e-17, 1.843936592036456051e-13, 3.246910260135555913e-13, 1.971379765961222103e-14
6.699165465909101158e+01, 7.851529120231377590e+01, 2.817301057539490827e+01, 3.333333333333375358e-07, 2.373112940000000076e-07, 3.000000000000000000e+00, 1.715619159999999976e-07, 4.000000000000000000e+00, 7.055084520000000185e-07, nan, 2.095111079999999972e-07, 1.000000000000000000e+01, 1.182974829999999956e-07, 1.600000000000000000e+01, 4.322980707386885393e-15, 2.192085787592769532e-13, 7.728503416345965750e-16, 1.416428720874372418e-14, 2.850989033063993248e-13, 1.440141173452864056e-15, 2.837099822811489148e-15, 2.460133652550543288e-13, 3.448167221139189978e-13, 8.319925385640625586e-15
5.864101661863266912e+01, 6.395526612098112906e+00, 4.856275959346228888e+01, 3.333333333333334065e-07, 2.487004499999999881e-07, 4.000000000000000000e+00, 9.722382899999999935e-08, 4.000000000000000000e+00, 7.055084520000000185e-07, nan, 1.651614869999999988e-07, 1.000000000000000000e+01, 9.605617899999999750e-08, 1.600000000000000000e+01, 2.294516670957764098e-14, 2.086735506912320228e-13, 6.978758339115367563e-15, 2.330027346912144130e-14, 3.700101825782520937e-13, 4.615525374524964060e-15, 1.363406522500004279e-18, 2.919748425847112670e-13, 3.714320730648665936e-13, 4.775543593774863944e-15
9.774951397444468171e+01, 8.765052453165907309e+01, 3.381589518368456027e+01, 3.333333333333334065e-07, 4.026312399999999977e-07, 3.000000000000000000e+00, 2.485568540000000198e-07, 5.000000000000000000e+00, 1.164617363999999923e-06, nan, 1.328718990000000044e-07, 5.000000000000000000e+00, 7.273922099999999473e-08, 8.000000000000000000e+00, 2.373891642127699014e-14, 5.806228531685432387e-13, 7.277010205675427216e-14, 1.088287441998963696e-13, 8.391668579814599214e-13, 1.338300881335202926e-14, 3.091184007372270028e-14, 1.064498704548066013e-12, 1.192197879161128128e-12, 3.615938963451684884e-15
9.615701545414985674e+01, 2.317016264712045270e+01, 9.493188224156814670e+01, 3.333333333333334065e-07, 1.525528719999999886e-07, 2.000000000000000000e+00, 5.325035999999999932e-08, 2.000000000000000000e+00, 7.055084520000000185e-07, nan, 9.405475600000000574e-08, 2.000000000000000000e+00, 3.320259399999999922e-08, 2.000000000000000000e+00, 9.860988889510141365e-15, 3.057598734531364392e-13, 3.422029575549454036e-15, 1.424448885867728287e-14, 4.254406185794804895e-13, 1.664998732924816456e-15, 4.019129215907559855e-16, 3.738756223520604798e-13, 4.519951667011161132e-13, 3.702985620074244282e-15
9.413777047064985481e+01, 7.992025873523917312e+01, 6.304479368667911388e+01, 3.333333338317019699e-07, 8.087259300000000489e-08, 1.000000000000000000e+00, 9.945366299999999354e-08, 4.000000000000000000e+00, 7.055084520000000185e-07, nan, 3.056513100000000145e-08, 1.000000000000000000e+00, 2.509272299999999948e-08, 3.000000000000000000e+00, 3.452561623448995569e-16, 3.901699563486678619e-13, 2.530840732881444409e-15, 3.111393897216900645e-15, 3.673024072698345170e-13, 4.745629841115023920e-15, 5.529549397683599290e-15, 4.555484865625090648e-13, 4.629655642706015667e-13, 2.994724931846402216e-17
8.742879666249470461e+01, 2.930202845077967311e+01, 8.489435553129182210e+01, 3.333333333333334065e-07, 1.525528719999999886e-07, 2.000000000000000000e+00, 8.670888999999999710e-08, 4.000000000000000000e+00, 7.055084520000000185e-07, nan, 6.099307599999999341e-08, 2.000000000000000000e+00, 6.805738000000000058e-08, 8.000000000000000000e+00, 4.335429965616323152e-15, 3.057598734531364392e-13, 8.383196243561615589e-15, 7.139488168322062001e-15, 3.829128979313918729e-13, 6.613030896825961481e-16, 3.478788252800998646e-16, 4.154000699004213958e-13, 4.063438691939491828e-13, 4.990439100441609937e-17
6.178766919175237859e+01, 1.323685775889948957e+00, 3.472335179322195842e+01, 3.333333333333334065e-07, 1.520121019999999977e-07, 2.000000000000000000e+00, 1.352040460000000056e-07, 5.000000000000000000e+00, 7.055084520000000185e-07, nan, 1.191854990000000017e-07, 8.000000000000000000e+00, 7.509434299999999747e-08, 1.400000000000000000e+01, 2.825107464991357271e-16, 3.063582094633224780e-13, 1.077585864519608734e-15, 5.916341649582081124e-15, 3.252471155030127746e-13, 2.565938479912091330e-16, 3.613176394748209731e-15, 3.437746052146402736e-13, 3.974219488262638321e-13, 1.944030037416336322e-15
1.481408609481650274e+01, 9.818293898182531620e+01, 4.783703070399880630e+01, 3.333333333333334065e-07, 1.286484649999999943e-07, 2.000000000000000000e+00, 8.420549399999999728e-08, 4.000000000000000000e+00, 7.055084520000000185e-07, nan, 5.850191099999999812e-08, 1.000000000000000000e+00, 4.409305699999999815e-08, 3.000000000000000000e+00, 1.975177671306840688e-15, 3.327674446016402416e-13, 4.920539038074915375e-15, 7.149617022046463896e-15, 3.860173656195497653e-13, 6.606741790378889518e-16, 1.609007602078968888e-15, 4.186174640967847155e-13, 4.374703247430059684e-13, 2.076150735933159873e-16
4.973913654986626653e+01, 6.394725163987236272e+01, 3.685846061296174980e+01, 3.333333350511228939e-07, 1.366656930000000123e-07, 2.000000000000000000e+00, 1.033581790000000056e-07, 5.000000000000000000e+00, 7.055084520000000185e-07, nan, 1.670300769999999956e-07, 4.000000000000000000e+00, 8.548489999999999542e-08, 6.000000000000000000e+00, 1.109390488860196353e-15, 3.235820844667320400e-13, 9.219958156994549183e-16, 2.619473572108850905e-15, 3.625849512739746028e-13, 4.054110594922402723e-15, 3.194541022118413831e-16, 2.899589603426406299e-13, 3.844292050346966969e-13, 6.649615891961329206e-15
1.369002716855989377e+01, 8.221177331942455169e+01, 1.898479119027579642e+01, 3.333333333333334065e-07, 2.109677739999999877e-07, 3.000000000000000000e+00, 9.664611600000000123e-08, 4.000000000000000000e+00, 7.055084520000000185e-07, nan, 1.493734509999999918e-07, 2.000000000000000000e+00, 1.051925720000000035e-07, 5.000000000000000000e+00, 1.306944148786896105e-14, 2.445704821966997414e-13, 3.793860625828328768e-15, 1.118839335814080132e-14, 3.707133441993768278e-13, 2.780171856202224052e-15, 7.304191015993603970e-17, 3.092861393372701039e-13, 3.603791557801743800e-13, 1.951950069212639985e-15
5.113189825464560556e+01, 2.243170289747392587e+01, 9.784448449403404524e+00, 3.333333333333334065e-07, 2.905970269999999836e-07, 2.000000000000000000e+00, 1.542766940000000007e-07, 3.000000000000000000e+00, 1.302979129000000055e-06, nan, 4.821444699999999771e-08, 2.000000000000000000e+00, 3.141823500000000261e-08, 5.000000000000000000e+00, 1.858323318923088413e-14, 1.024917520449938574e-12, 5.874931508745638189e-14, 6.717364622257925561e-14, 1.319517284174929691e-12, 1.124920023868901081e-14, 1.509420094785468137e-14, 1.574434407194561203e-12, 1.616867107150079440e-12, 2.821127375489438523e-16
8.621915174216833577e+01, 9.729194890231302395e+01, 9.608346580630001199e+01, 3.333333333333334065e-07, 1.347784730000000127e-07, 2.000000000000000000e+00, 6.744727399999999640e-08, 3.000000000000000000e+00, 7.055084520000000185e-07, nan, 3.839097699999999875e-08, 3.000000000000000000e+00, 2.426452800000000098e-08, 6.000000000000000000e+00, 4.533490358777603394e-15, 3.257327089293404561e-13, 9.290549385150018052e-15, 1.221333203946302912e-14, 4.071220668707478025e-13, 8.442683953522088456e-16, 1.864749552100515572e-15, 4.450457254503756228e-13, 4.640932839869177671e-13, 1.995565613496009472e-16
9.065554992211789909e+01, 7.740473326986388258e+01, 3.331451520286419310e+01, 3.333333333333334065e-07, 5.103394700000000387e-07, 4.000000000000000000e+00, 2.687953710000000149e-07, 5.000000000000000000e+00, 1.739099403000000060e-06, nan, 1.227507109999999957e-07, 6.000000000000000000e+00, 7.930223199999999884e-08, 1.100000000000000000e+01, 5.834355176172181049e-14, 1.509850972946164491e-12, 1.502250461031601134e-13, 1.857931005426687069e-13, 2.161793946515456916e-12, 2.132904271451560655e-14, 3.590764972807332446e-14, 2.612583094130111433e-12, 2.754926648859603026e-12, 1.887770327413440902e-15
8.110138998799676813e+00, 4.072411714138073080e+01, 2.322341421709427323e+01, 3.333333333333334065e-07, 1.461403480000000021e-07, 2.000000000000000000e+00, 1.412816889999999910e-07, 7.000000000000000000e+00, 7.055084520000000185e-07, nan, 9.176437700000000471e-08, 1.400000000000000000e+01, 5.105972899999999827e-08, 2.300000000000000000e+01, 2.360656727828110702e-17, 3.128926757725548569e-13, 2.956746222192840897e-15, 9.040324109423159851e-15, 3.183518400854582217e-13, 2.451964187705342609e-15, 8.140002066241597014e-15, 3.766817895976056719e-13, 4.283031310363308192e-13, 1.656868368803904581e-15
1.324876347579829705e+01, 5.342718178682526187e+00, 7.255943642105788172e+01, 3.333333333333334065e-07, 3.518701210000000024e-07, 3.000000000000000000e+00, 1.590549069999999973e-07, 3.000000000000000000e+00, 1.300431135999999944e-06, nan, 9.250032399999999851e-08, 5.000000000000000000e+00, 5.654844100000000279e-08, 1.000000000000000000e+01, 3.717770674986579602e-14, 8.997679991778300993e-13, 6.727269159582122855e-14, 8.721489467802239259e-14, 1.302739696126260068e-12, 4.429512518303889107e-15, 1.050757557180915649e-14, 1.459096846578979009e-12, 1.547244158920462695e-12, 1.292537891245688757e-15
1.142745862503102838e+00, 7.705807485027762027e+01, 1.469466454003750577e+01, 3.333333333333334065e-07, 1.998823649999999900e-07, 3.000000000000000000e+00, 1.075161850000000041e-07, 5.000000000000000000e+00, 7.055084520000000185e-07, nan, 1.778417880000000104e-07, 4.000000000000000000e+00, 1.031459609999999935e-07, 7.000000000000000000e+00, 8.531511207792396661e-15, 2.556577398549316058e-13, 4.857870344929280914e-16, 9.357931858851215637e-15, 3.575947513917993459e-13, 4.945690437313609942e-15, 1.909885781017609359e-17, 2.784321082968889303e-13, 3.628405705637251351e-13, 5.579466571213931255e-15
7.952208258675574903e+00, 8.960303423860537464e+00, 6.720478073539143793e+01, 3.333333333333334065e-07, 3.398350730000000253e-07, 3.000000000000000000e+00, 1.913109229999999969e-07, 5.000000000000000000e+00, 1.300431135999999944e-06, nan, 9.300080599999999782e-08, 5.000000000000000000e+00, 5.057392400000000234e-08, 8.000000000000000000e+00, 2.205942313322250710e-14, 9.227447962510998373e-13, 6.092715536542729345e-14, 8.367201232080021002e-14, 1.230147646885165394e-12, 9.664879104553688869e-15, 1.980690288752599999e-14, 1.457888001803908874e-12, 1.562143050388412582e-12, 1.800040316241923741e-15
2.453672098528447520e+01, 4.205394666800984282e+01, 5.573687913239169234e+01, 3.333333333333334065e-07, 2.599845350000000156e-07, 4.000000000000000000e+00, 1.525677649999999880e-07, 7.000000000000000000e+00, 7.055084520000000185e-07, nan, 2.330658410000000095e-07, 2.700000000000000000e+01, 1.067153059999999980e-07, 3.100000000000000000e+01, 1.153836247723290664e-14, 1.984915606190228805e-13, 7.246160866656363585e-16, 2.349145655825444245e-14, 3.057434033400319852e-13, 6.479940239701779116e-15, 2.102447996346680270e-15, 2.232020206884973386e-13, 3.585532316965773333e-13, 1.596445769478622372e-14
8.605511738287937362e+01, 7.270442627113283152e+01, 2.703279052387146209e+01, 3.333333333333334065e-07, 4.873093290000000416e-07, 4.000000000000000000e+00, 2.742273930000000072e-07, 6.000000000000000000e+00, 1.279990490999999944e-06, nan, 1.296842180000000084e-07, 7.000000000000000000e+00, 7.736308700000000057e-08, 1.000000000000000000e+01, 4.540391144950811246e-14, 6.283434245896701349e-13, 1.278957200177623238e-13, 1.680559213299225715e-13, 1.011559409298557430e-12, 2.089272943908062432e-14, 3.875555497686163907e-14, 1.323204521703150543e-12, 1.446312672851779287e-12, 2.737500749119161733e-15
1.314827992911276056e+01, 5.537432042119794673e+00, 3.015986344809424935e+01, 3.333333333333334065e-07, 8.087259300000000489e-08, 1.000000000000000000e+00, 6.251061100000000145e-08, 3.000000000000000000e+00, 7.055084520000000185e-07, nan, 8.321922300000000054e-08, 6.000000000000000000e+00, 4.210766800000000229e-08, 9.000000000000000000e+00, 3.371623829683241432e-16, 3.901699563486678619e-13, 5.506672356899979751e-18, 1.502719410255625248e-15, 4.134462235306613288e-13, 4.288466109665439610e-16, 4.162800830612489619e-16, 3.872438845294145311e-13, 4.401006002118147378e-13, 1.690159954518024766e-15
